"external_id","week","mo","tu","we","th","fr","sa","q2","group"
"00c2c",1,4.155,4.162,1.963,1.978,4.166,4.164,5,"lts"
"0d293",1,4.155,4.162,1.963,1.978,4.166,4.164,4,"lts"
"27e23",1,4.155,4.162,1.963,1.978,4.166,4.164,4,"lts"
"343ab",1,4.155,4.162,1.963,1.978,4.166,4.164,4,"lts"
"365cd",1,4.155,4.162,1.963,1.978,4.166,4.164,4,"lts"
"3fe63",1,4.155,4.162,1.963,1.978,4.166,4.164,5,"lts"
"40c71",1,4.155,4.162,1.963,1.978,4.166,4.164,4,"lts"
"4d5eb",1,4.155,4.162,1.963,1.978,4.166,4.164,3,"lts"
"50bf3",1,4.155,4.162,1.963,1.978,4.166,4.164,4,"lts"
"54ed7",1,4.155,4.162,1.963,1.978,4.166,4.164,4,"lts"
"5542e",1,4.155,4.162,1.963,1.978,4.166,4.164,3,"lts"
"57ea9",1,4.155,4.162,1.963,1.978,4.166,4.164,5,"lts"
"5aa56",1,4.155,4.162,1.963,1.978,4.166,4.164,5,"lts"
"5c3d1",1,4.155,4.162,1.963,1.978,4.166,4.164,4,"lts"
"7d03b",1,4.155,4.162,1.963,1.978,4.166,4.164,4,"lts"
"88df4",1,4.155,4.162,1.963,1.978,4.166,4.164,4,"lts"
"8a560",1,4.155,4.162,1.963,1.978,4.166,4.164,4,"lts"
"9d7d1",1,4.155,4.162,1.963,1.978,4.166,4.164,3,"lts"
"a711f",1,4.155,4.162,1.963,1.978,4.166,4.164,4,"lts"
"bb4ea",1,4.155,4.162,1.963,1.978,4.166,4.164,4,"lts"
"bb8d0",1,4.155,4.162,1.963,1.978,4.166,4.164,5,"lts"
"bd209",1,4.155,4.162,1.963,1.978,4.166,4.164,3,"lts"
"c05b7",1,4.155,4.162,1.963,1.978,4.166,4.164,4,"lts"
"c42b6",1,4.155,4.162,1.963,1.978,4.166,4.164,5,"lts"
"c565b",1,4.155,4.162,1.963,1.978,4.166,4.164,4,"lts"
"d45b5",1,4.155,4.162,1.963,1.978,4.166,4.164,4,"lts"
"f0ed7",1,4.155,4.162,1.963,1.978,4.166,4.164,3,"lts"
"f1308",1,4.155,4.162,1.963,1.978,4.166,4.164,5,"lts"
"f75f6",1,4.155,4.162,1.963,1.978,4.166,4.164,4,"lts"
"f865c",1,4.155,4.162,1.963,1.978,4.166,4.164,4,"lts"
"00c2c",2,4.197,4.166,2.207,2.196,4.17,4.165,5,"lts"
"0d293",2,4.197,4.166,2.207,2.196,4.17,4.165,3,"lts"
"27e23",2,4.197,4.166,2.207,2.196,4.17,4.165,3,"lts"
"343ab",2,4.197,4.166,2.207,2.196,4.17,4.165,4,"lts"
"365cd",2,4.197,4.166,2.207,2.196,4.17,4.165,5,"lts"
"3adab",2,4.197,4.166,2.207,2.196,4.17,4.165,5,"lts"
"40c71",2,4.197,4.166,2.207,2.196,4.17,4.165,4,"lts"
"50bf3",2,4.197,4.166,2.207,2.196,4.17,4.165,4,"lts"
"54ed7",2,4.197,4.166,2.207,2.196,4.17,4.165,3,"lts"
"5542e",2,4.197,4.166,2.207,2.196,4.17,4.165,3,"lts"
"559e2",2,4.197,4.166,2.207,2.196,4.17,4.165,4,"lts"
"5870e",2,4.197,4.166,2.207,2.196,4.17,4.165,4,"lts"
"5aa56",2,4.197,4.166,2.207,2.196,4.17,4.165,4,"lts"
"5c3d1",2,4.197,4.166,2.207,2.196,4.17,4.165,4,"lts"
"7d03b",2,4.197,4.166,2.207,2.196,4.17,4.165,4,"lts"
"88df4",2,4.197,4.166,2.207,2.196,4.17,4.165,3,"lts"
"898c1",2,4.197,4.166,2.207,2.196,4.17,4.165,5,"lts"
"8a560",2,4.197,4.166,2.207,2.196,4.17,4.165,3,"lts"
"9d7d1",2,4.197,4.166,2.207,2.196,4.17,4.165,3,"lts"
"a711f",2,4.197,4.166,2.207,2.196,4.17,4.165,4,"lts"
"bb8d0",2,4.197,4.166,2.207,2.196,4.17,4.165,5,"lts"
"bd209",2,4.197,4.166,2.207,2.196,4.17,4.165,3,"lts"
"c05b7",2,4.197,4.166,2.207,2.196,4.17,4.165,5,"lts"
"c42b6",2,4.197,4.166,2.207,2.196,4.17,4.165,5,"lts"
"c565b",2,4.197,4.166,2.207,2.196,4.17,4.165,4,"lts"
"d45b5",2,4.197,4.166,2.207,2.196,4.17,4.165,4,"lts"
"f0ed7",2,4.197,4.166,2.207,2.196,4.17,4.165,4,"lts"
"f1308",2,4.197,4.166,2.207,2.196,4.17,4.165,5,"lts"
"f75f6",2,4.197,4.166,2.207,2.196,4.17,4.165,3,"lts"
"f7c29",2,4.197,4.166,2.207,2.196,4.17,4.165,4,"lts"
"f865c",2,4.197,4.166,2.207,2.196,4.17,4.165,4,"lts"
"00c2c",3,4.198,4.176,4.127,4.181,2.172,2.113,5,"lts"
"0d293",3,4.198,4.176,4.127,4.181,2.172,2.113,4,"lts"
"27e23",3,4.198,4.176,4.127,4.181,2.172,2.113,4,"lts"
"365cd",3,4.198,4.176,4.127,4.181,2.172,2.113,5,"lts"
"3adab",3,4.198,4.176,4.127,4.181,2.172,2.113,3,"lts"
"40c71",3,4.198,4.176,4.127,4.181,2.172,2.113,4,"lts"
"50bf3",3,4.198,4.176,4.127,4.181,2.172,2.113,3,"lts"
"5542e",3,4.198,4.176,4.127,4.181,2.172,2.113,4,"lts"
"57ea9",3,4.198,4.176,4.127,4.181,2.172,2.113,5,"lts"
"5aa56",3,4.198,4.176,4.127,4.181,2.172,2.113,4,"lts"
"7d03b",3,4.198,4.176,4.127,4.181,2.172,2.113,4,"lts"
"88df4",3,4.198,4.176,4.127,4.181,2.172,2.113,3,"lts"
"898c1",3,4.198,4.176,4.127,4.181,2.172,2.113,5,"lts"
"8a560",3,4.198,4.176,4.127,4.181,2.172,2.113,3,"lts"
"8caa8",3,4.198,4.176,4.127,4.181,2.172,2.113,3,"lts"
"a711f",3,4.198,4.176,4.127,4.181,2.172,2.113,3,"lts"
"bb4ea",3,4.198,4.176,4.127,4.181,2.172,2.113,4,"lts"
"bd209",3,4.198,4.176,4.127,4.181,2.172,2.113,3,"lts"
"c05b7",3,4.198,4.176,4.127,4.181,2.172,2.113,5,"lts"
"c42b6",3,4.198,4.176,4.127,4.181,2.172,2.113,5,"lts"
"c565b",3,4.198,4.176,4.127,4.181,2.172,2.113,3,"lts"
"d45b5",3,4.198,4.176,4.127,4.181,2.172,2.113,4,"lts"
"f1308",3,4.198,4.176,4.127,4.181,2.172,2.113,3,"lts"
"f75f6",3,4.198,4.176,4.127,4.181,2.172,2.113,4,"lts"
"f7c29",3,4.198,4.176,4.127,4.181,2.172,2.113,3,"lts"
"00c2c",4,2.023,1.954,4.221,4.125,4.234,4.169,4,"lts"
"023ce",4,2.023,1.954,4.221,4.125,4.234,4.169,5,"lts"
"0d293",4,2.023,1.954,4.221,4.125,4.234,4.169,4,"lts"
"27e23",4,2.023,1.954,4.221,4.125,4.234,4.169,4,"lts"
"365cd",4,2.023,1.954,4.221,4.125,4.234,4.169,5,"lts"
"559e2",4,2.023,1.954,4.221,4.125,4.234,4.169,4,"lts"
"5aa56",4,2.023,1.954,4.221,4.125,4.234,4.169,5,"lts"
"5c3d1",4,2.023,1.954,4.221,4.125,4.234,4.169,4,"lts"
"7d03b",4,2.023,1.954,4.221,4.125,4.234,4.169,4,"lts"
"88df4",4,2.023,1.954,4.221,4.125,4.234,4.169,3,"lts"
"8a560",4,2.023,1.954,4.221,4.125,4.234,4.169,4,"lts"
"8caa8",4,2.023,1.954,4.221,4.125,4.234,4.169,4,"lts"
"a711f",4,2.023,1.954,4.221,4.125,4.234,4.169,5,"lts"
"bb4ea",4,2.023,1.954,4.221,4.125,4.234,4.169,3,"lts"
"bd209",4,2.023,1.954,4.221,4.125,4.234,4.169,4,"lts"
"c05b7",4,2.023,1.954,4.221,4.125,4.234,4.169,4,"lts"
"c42b6",4,2.023,1.954,4.221,4.125,4.234,4.169,5,"lts"
"d45b5",4,2.023,1.954,4.221,4.125,4.234,4.169,3,"lts"
"f1308",4,2.023,1.954,4.221,4.125,4.234,4.169,5,"lts"
"f75f6",4,2.023,1.954,4.221,4.125,4.234,4.169,5,"lts"
"f865c",4,2.023,1.954,4.221,4.125,4.234,4.169,4,"lts"
"00c2c",5,3.964,3.956,2.097,2.285,3.879,3.997,4,"lts"
"023ce",5,3.964,3.956,2.097,2.285,3.879,3.997,3,"lts"
"0d293",5,3.964,3.956,2.097,2.285,3.879,3.997,4,"lts"
"27e23",5,3.964,3.956,2.097,2.285,3.879,3.997,4,"lts"
"365cd",5,3.964,3.956,2.097,2.285,3.879,3.997,5,"lts"
"54ed7",5,3.964,3.956,2.097,2.285,3.879,3.997,5,"lts"
"5542e",5,3.964,3.956,2.097,2.285,3.879,3.997,3,"lts"
"559e2",5,3.964,3.956,2.097,2.285,3.879,3.997,4,"lts"
"5870e",5,3.964,3.956,2.097,2.285,3.879,3.997,3,"lts"
"5aa56",5,3.964,3.956,2.097,2.285,3.879,3.997,4,"lts"
"5c3d1",5,3.964,3.956,2.097,2.285,3.879,3.997,4,"lts"
"7d03b",5,3.964,3.956,2.097,2.285,3.879,3.997,4,"lts"
"88df4",5,3.964,3.956,2.097,2.285,3.879,3.997,3,"lts"
"898c1",5,3.964,3.956,2.097,2.285,3.879,3.997,3,"lts"
"8caa8",5,3.964,3.956,2.097,2.285,3.879,3.997,3,"lts"
"9d7d1",5,3.964,3.956,2.097,2.285,3.879,3.997,4,"lts"
"a711f",5,3.964,3.956,2.097,2.285,3.879,3.997,3,"lts"
"b7150",5,3.964,3.956,2.097,2.285,3.879,3.997,3,"lts"
"bb4ea",5,3.964,3.956,2.097,2.285,3.879,3.997,3,"lts"
"bd209",5,3.964,3.956,2.097,2.285,3.879,3.997,3,"lts"
"c05b7",5,3.964,3.956,2.097,2.285,3.879,3.997,3,"lts"
"c42b6",5,3.964,3.956,2.097,2.285,3.879,3.997,5,"lts"
"c565b",5,3.964,3.956,2.097,2.285,3.879,3.997,3,"lts"
"d45b5",5,3.964,3.956,2.097,2.285,3.879,3.997,3,"lts"
"f1308",5,3.964,3.956,2.097,2.285,3.879,3.997,4,"lts"
"f75f6",5,3.964,3.956,2.097,2.285,3.879,3.997,3,"lts"
"f7c29",5,3.964,3.956,2.097,2.285,3.879,3.997,3,"lts"
"f865c",5,3.964,3.956,2.097,2.285,3.879,3.997,4,"lts"
"00c2c",6,3.883,3.966,3.916,3.88,2.172,2.023,5,"lts"
"0d293",6,3.883,3.966,3.916,3.88,2.172,2.023,4,"lts"
"27e23",6,3.883,3.966,3.916,3.88,2.172,2.023,4,"lts"
"365cd",6,3.883,3.966,3.916,3.88,2.172,2.023,4,"lts"
"3adab",6,3.883,3.966,3.916,3.88,2.172,2.023,2,"lts"
"50bf3",6,3.883,3.966,3.916,3.88,2.172,2.023,2,"lts"
"54ed7",6,3.883,3.966,3.916,3.88,2.172,2.023,4,"lts"
"559e2",6,3.883,3.966,3.916,3.88,2.172,2.023,4,"lts"
"5870e",6,3.883,3.966,3.916,3.88,2.172,2.023,4,"lts"
"5c3d1",6,3.883,3.966,3.916,3.88,2.172,2.023,3,"lts"
"7d03b",6,3.883,3.966,3.916,3.88,2.172,2.023,4,"lts"
"88df4",6,3.883,3.966,3.916,3.88,2.172,2.023,3,"lts"
"898c1",6,3.883,3.966,3.916,3.88,2.172,2.023,3,"lts"
"9d7d1",6,3.883,3.966,3.916,3.88,2.172,2.023,3,"lts"
"a711f",6,3.883,3.966,3.916,3.88,2.172,2.023,4,"lts"
"bb4ea",6,3.883,3.966,3.916,3.88,2.172,2.023,4,"lts"
"bd209",6,3.883,3.966,3.916,3.88,2.172,2.023,3,"lts"
"c05b7",6,3.883,3.966,3.916,3.88,2.172,2.023,4,"lts"
"c42b6",6,3.883,3.966,3.916,3.88,2.172,2.023,5,"lts"
"d45b5",6,3.883,3.966,3.916,3.88,2.172,2.023,4,"lts"
"f75f6",6,3.883,3.966,3.916,3.88,2.172,2.023,4,"lts"
"f7c29",6,3.883,3.966,3.916,3.88,2.172,2.023,3,"lts"
"f865c",6,3.883,3.966,3.916,3.88,2.172,2.023,4,"lts"
"00c2c",7,2.125,1.891,3.999,3.896,3.978,3.912,5,"lts"
"023ce",7,2.125,1.891,3.999,3.896,3.978,3.912,4,"lts"
"0d293",7,2.125,1.891,3.999,3.896,3.978,3.912,4,"lts"
"343ab",7,2.125,1.891,3.999,3.896,3.978,3.912,4,"lts"
"40c71",7,2.125,1.891,3.999,3.896,3.978,3.912,4,"lts"
"54ed7",7,2.125,1.891,3.999,3.896,3.978,3.912,4,"lts"
"559e2",7,2.125,1.891,3.999,3.896,3.978,3.912,4,"lts"
"57ea9",7,2.125,1.891,3.999,3.896,3.978,3.912,5,"lts"
"5870e",7,2.125,1.891,3.999,3.896,3.978,3.912,4,"lts"
"5aa56",7,2.125,1.891,3.999,3.896,3.978,3.912,5,"lts"
"7d03b",7,2.125,1.891,3.999,3.896,3.978,3.912,4,"lts"
"88df4",7,2.125,1.891,3.999,3.896,3.978,3.912,3,"lts"
"898c1",7,2.125,1.891,3.999,3.896,3.978,3.912,4,"lts"
"8a560",7,2.125,1.891,3.999,3.896,3.978,3.912,3,"lts"
"8caa8",7,2.125,1.891,3.999,3.896,3.978,3.912,4,"lts"
"9d7d1",7,2.125,1.891,3.999,3.896,3.978,3.912,4,"lts"
"a711f",7,2.125,1.891,3.999,3.896,3.978,3.912,4,"lts"
"b7150",7,2.125,1.891,3.999,3.896,3.978,3.912,4,"lts"
"bb4ea",7,2.125,1.891,3.999,3.896,3.978,3.912,4,"lts"
"bb8d0",7,2.125,1.891,3.999,3.896,3.978,3.912,4,"lts"
"bd209",7,2.125,1.891,3.999,3.896,3.978,3.912,4,"lts"
"c05b7",7,2.125,1.891,3.999,3.896,3.978,3.912,5,"lts"
"d45b5",7,2.125,1.891,3.999,3.896,3.978,3.912,3,"lts"
"f75f6",7,2.125,1.891,3.999,3.896,3.978,3.912,4,"lts"
"f7c29",7,2.125,1.891,3.999,3.896,3.978,3.912,4,"lts"
"f865c",7,2.125,1.891,3.999,3.896,3.978,3.912,4,"lts"
"00c2c",8,2.096,2.047,4.126,4.138,2.026,2.09,4,"lts"
"0d293",8,2.096,2.047,4.126,4.138,2.026,2.09,2,"lts"
"3adab",8,2.096,2.047,4.126,4.138,2.026,2.09,4,"lts"
"40c71",8,2.096,2.047,4.126,4.138,2.026,2.09,4,"lts"
"54ed7",8,2.096,2.047,4.126,4.138,2.026,2.09,3,"lts"
"57ea9",8,2.096,2.047,4.126,4.138,2.026,2.09,4,"lts"
"5aa56",8,2.096,2.047,4.126,4.138,2.026,2.09,3,"lts"
"5c3d1",8,2.096,2.047,4.126,4.138,2.026,2.09,4,"lts"
"88df4",8,2.096,2.047,4.126,4.138,2.026,2.09,2,"lts"
"898c1",8,2.096,2.047,4.126,4.138,2.026,2.09,3,"lts"
"9d7d1",8,2.096,2.047,4.126,4.138,2.026,2.09,4,"lts"
"a711f",8,2.096,2.047,4.126,4.138,2.026,2.09,2,"lts"
"bb4ea",8,2.096,2.047,4.126,4.138,2.026,2.09,2,"lts"
"bd209",8,2.096,2.047,4.126,4.138,2.026,2.09,3,"lts"
"c05b7",8,2.096,2.047,4.126,4.138,2.026,2.09,3,"lts"
"c42b6",8,2.096,2.047,4.126,4.138,2.026,2.09,4,"lts"
"d45b5",8,2.096,2.047,4.126,4.138,2.026,2.09,3,"lts"
"f0ed7",8,2.096,2.047,4.126,4.138,2.026,2.09,3,"lts"
"f7c29",8,2.096,2.047,4.126,4.138,2.026,2.09,2,"lts"
"f865c",8,2.096,2.047,4.126,4.138,2.026,2.09,3,"lts"
"00c2c",9,2.129,2.148,2.064,2.019,4.182,4.182,3,"lts"
"0d293",9,2.129,2.148,2.064,2.019,4.182,4.182,4,"lts"
"27e23",9,2.129,2.148,2.064,2.019,4.182,4.182,3,"lts"
"3adab",9,2.129,2.148,2.064,2.019,4.182,4.182,3,"lts"
"40c71",9,2.129,2.148,2.064,2.019,4.182,4.182,3,"lts"
"559e2",9,2.129,2.148,2.064,2.019,4.182,4.182,4,"lts"
"57ea9",9,2.129,2.148,2.064,2.019,4.182,4.182,4,"lts"
"5aa56",9,2.129,2.148,2.064,2.019,4.182,4.182,3,"lts"
"5c3d1",9,2.129,2.148,2.064,2.019,4.182,4.182,4,"lts"
"7d03b",9,2.129,2.148,2.064,2.019,4.182,4.182,2,"lts"
"88df4",9,2.129,2.148,2.064,2.019,4.182,4.182,2,"lts"
"a711f",9,2.129,2.148,2.064,2.019,4.182,4.182,2,"lts"
"b7150",9,2.129,2.148,2.064,2.019,4.182,4.182,4,"lts"
"bb4ea",9,2.129,2.148,2.064,2.019,4.182,4.182,2,"lts"
"bb8d0",9,2.129,2.148,2.064,2.019,4.182,4.182,3,"lts"
"bd209",9,2.129,2.148,2.064,2.019,4.182,4.182,3,"lts"
"c05b7",9,2.129,2.148,2.064,2.019,4.182,4.182,4,"lts"
"c42b6",9,2.129,2.148,2.064,2.019,4.182,4.182,3,"lts"
"c565b",9,2.129,2.148,2.064,2.019,4.182,4.182,3,"lts"
"d45b5",9,2.129,2.148,2.064,2.019,4.182,4.182,3,"lts"
"f865c",9,2.129,2.148,2.064,2.019,4.182,4.182,3,"lts"
"00c2c",10,4.182,4.148,2.01,2.059,1.945,2.066,4,"lts"
"0d293",10,4.182,4.148,2.01,2.059,1.945,2.066,3,"lts"
"27e23",10,4.182,4.148,2.01,2.059,1.945,2.066,3,"lts"
"3adab",10,4.182,4.148,2.01,2.059,1.945,2.066,2,"lts"
"54ed7",10,4.182,4.148,2.01,2.059,1.945,2.066,2,"lts"
"559e2",10,4.182,4.148,2.01,2.059,1.945,2.066,3,"lts"
"57ea9",10,4.182,4.148,2.01,2.059,1.945,2.066,4,"lts"
"5870e",10,4.182,4.148,2.01,2.059,1.945,2.066,4,"lts"
"5c3d1",10,4.182,4.148,2.01,2.059,1.945,2.066,4,"lts"
"7d03b",10,4.182,4.148,2.01,2.059,1.945,2.066,2,"lts"
"88df4",10,4.182,4.148,2.01,2.059,1.945,2.066,1,"lts"
"8a560",10,4.182,4.148,2.01,2.059,1.945,2.066,4,"lts"
"8caa8",10,4.182,4.148,2.01,2.059,1.945,2.066,3,"lts"
"a711f",10,4.182,4.148,2.01,2.059,1.945,2.066,3,"lts"
"bb4ea",10,4.182,4.148,2.01,2.059,1.945,2.066,3,"lts"
"bb8d0",10,4.182,4.148,2.01,2.059,1.945,2.066,3,"lts"
"bd209",10,4.182,4.148,2.01,2.059,1.945,2.066,2,"lts"
"c05b7",10,4.182,4.148,2.01,2.059,1.945,2.066,4,"lts"
"c42b6",10,4.182,4.148,2.01,2.059,1.945,2.066,3,"lts"
"c565b",10,4.182,4.148,2.01,2.059,1.945,2.066,3,"lts"
"d45b5",10,4.182,4.148,2.01,2.059,1.945,2.066,2,"lts"
"f75f6",10,4.182,4.148,2.01,2.059,1.945,2.066,2,"lts"
"f865c",10,4.182,4.148,2.01,2.059,1.945,2.066,3,"lts"
"00c2c",11,2.02,2.049,3.922,3.981,2.093,2.042,4,"lts"
"0d293",11,2.02,2.049,3.922,3.981,2.093,2.042,3,"lts"
"27e23",11,2.02,2.049,3.922,3.981,2.093,2.042,2,"lts"
"343ab",11,2.02,2.049,3.922,3.981,2.093,2.042,2,"lts"
"365cd",11,2.02,2.049,3.922,3.981,2.093,2.042,3,"lts"
"3adab",11,2.02,2.049,3.922,3.981,2.093,2.042,3,"lts"
"40c71",11,2.02,2.049,3.922,3.981,2.093,2.042,3,"lts"
"5542e",11,2.02,2.049,3.922,3.981,2.093,2.042,3,"lts"
"559e2",11,2.02,2.049,3.922,3.981,2.093,2.042,3,"lts"
"57ea9",11,2.02,2.049,3.922,3.981,2.093,2.042,4,"lts"
"5aa56",11,2.02,2.049,3.922,3.981,2.093,2.042,3,"lts"
"5c3d1",11,2.02,2.049,3.922,3.981,2.093,2.042,4,"lts"
"88df4",11,2.02,2.049,3.922,3.981,2.093,2.042,3,"lts"
"8a560",11,2.02,2.049,3.922,3.981,2.093,2.042,4,"lts"
"9d7d1",11,2.02,2.049,3.922,3.981,2.093,2.042,4,"lts"
"a711f",11,2.02,2.049,3.922,3.981,2.093,2.042,3,"lts"
"b7150",11,2.02,2.049,3.922,3.981,2.093,2.042,4,"lts"
"bb4ea",11,2.02,2.049,3.922,3.981,2.093,2.042,2,"lts"
"bd209",11,2.02,2.049,3.922,3.981,2.093,2.042,2,"lts"
"c05b7",11,2.02,2.049,3.922,3.981,2.093,2.042,4,"lts"
"c42b6",11,2.02,2.049,3.922,3.981,2.093,2.042,3,"lts"
"c565b",11,2.02,2.049,3.922,3.981,2.093,2.042,3,"lts"
"f7c29",11,2.02,2.049,3.922,3.981,2.093,2.042,3,"lts"
"f865c",11,2.02,2.049,3.922,3.981,2.093,2.042,3,"lts"
"00c2c",12,2.132,2.103,2.013,2.1,3.95,3.991,3,"lts"
"0d293",12,2.132,2.103,2.013,2.1,3.95,3.991,3,"lts"
"27e23",12,2.132,2.103,2.013,2.1,3.95,3.991,2,"lts"
"365cd",12,2.132,2.103,2.013,2.1,3.95,3.991,3,"lts"
"3adab",12,2.132,2.103,2.013,2.1,3.95,3.991,3,"lts"
"40c71",12,2.132,2.103,2.013,2.1,3.95,3.991,3,"lts"
"5542e",12,2.132,2.103,2.013,2.1,3.95,3.991,3,"lts"
"57ea9",12,2.132,2.103,2.013,2.1,3.95,3.991,5,"lts"
"5c3d1",12,2.132,2.103,2.013,2.1,3.95,3.991,4,"lts"
"7d03b",12,2.132,2.103,2.013,2.1,3.95,3.991,2,"lts"
"88df4",12,2.132,2.103,2.013,2.1,3.95,3.991,3,"lts"
"a711f",12,2.132,2.103,2.013,2.1,3.95,3.991,3,"lts"
"bd209",12,2.132,2.103,2.013,2.1,3.95,3.991,2,"lts"
"c05b7",12,2.132,2.103,2.013,2.1,3.95,3.991,2,"lts"
"c42b6",12,2.132,2.103,2.013,2.1,3.95,3.991,4,"lts"
"c565b",12,2.132,2.103,2.013,2.1,3.95,3.991,3,"lts"
"d45b5",12,2.132,2.103,2.013,2.1,3.95,3.991,2,"lts"
"f1308",12,2.132,2.103,2.013,2.1,3.95,3.991,5,"lts"
"f865c",12,2.132,2.103,2.013,2.1,3.95,3.991,3,"lts"
"00c2c",13,3.871,3.921,1.943,2.046,2.2,2.022,3,"lts"
"0d293",13,3.871,3.921,1.943,2.046,2.2,2.022,3,"lts"
"27e23",13,3.871,3.921,1.943,2.046,2.2,2.022,3,"lts"
"40c71",13,3.871,3.921,1.943,2.046,2.2,2.022,3,"lts"
"4d5eb",13,3.871,3.921,1.943,2.046,2.2,2.022,3,"lts"
"54ed7",13,3.871,3.921,1.943,2.046,2.2,2.022,3,"lts"
"559e2",13,3.871,3.921,1.943,2.046,2.2,2.022,2,"lts"
"57ea9",13,3.871,3.921,1.943,2.046,2.2,2.022,4,"lts"
"5870e",13,3.871,3.921,1.943,2.046,2.2,2.022,3,"lts"
"5aa56",13,3.871,3.921,1.943,2.046,2.2,2.022,3,"lts"
"7d03b",13,3.871,3.921,1.943,2.046,2.2,2.022,2,"lts"
"88df4",13,3.871,3.921,1.943,2.046,2.2,2.022,2,"lts"
"9d7d1",13,3.871,3.921,1.943,2.046,2.2,2.022,4,"lts"
"a711f",13,3.871,3.921,1.943,2.046,2.2,2.022,2,"lts"
"bd209",13,3.871,3.921,1.943,2.046,2.2,2.022,2,"lts"
"c05b7",13,3.871,3.921,1.943,2.046,2.2,2.022,2,"lts"
"c42b6",13,3.871,3.921,1.943,2.046,2.2,2.022,3,"lts"
"f75f6",13,3.871,3.921,1.943,2.046,2.2,2.022,2,"lts"
"f7c29",13,3.871,3.921,1.943,2.046,2.2,2.022,2,"lts"
"f865c",13,3.871,3.921,1.943,2.046,2.2,2.022,2,"lts"
"10",1,4.155,4.162,1.963,1.978,4.166,4.164,4,"labPl"
"10",13,3.871,3.921,1.943,2.046,2.2,2.022,2,"labPl"
"10",12,2.132,2.103,2.013,2.1,3.95,3.991,3,"labPl"
"10",4,2.023,1.954,4.221,4.125,4.234,4.169,4,"labPl"
"10",8,2.096,2.047,4.126,4.138,2.026,2.09,3,"labPl"
"10",9,2.129,2.148,2.064,2.019,4.182,4.182,2,"labPl"
"10",3,4.198,4.176,4.127,4.181,2.172,2.113,4,"labPl"
"10",6,3.883,3.966,3.916,3.88,2.172,2.023,4,"labPl"
"10",7,2.125,1.891,3.999,3.896,3.978,3.912,4,"labPl"
"10",11,2.02,2.049,3.922,3.981,2.093,2.042,2,"labPl"
"10",10,4.182,4.148,2.01,2.059,1.945,2.066,3,"labPl"
"10",2,4.197,4.166,2.207,2.196,4.17,4.165,4,"labPl"
"10",5,3.964,3.956,2.097,2.285,3.879,3.997,5,"labPl"
"11",5,3.964,3.956,2.097,2.285,3.879,3.997,4,"labPl"
"11",9,2.129,2.148,2.064,2.019,4.182,4.182,4,"labPl"
"11",6,3.883,3.966,3.916,3.88,2.172,2.023,3,"labPl"
"11",4,2.023,1.954,4.221,4.125,4.234,4.169,5,"labPl"
"11",2,4.197,4.166,2.207,2.196,4.17,4.165,4,"labPl"
"11",11,2.02,2.049,3.922,3.981,2.093,2.042,3,"labPl"
"11",3,4.198,4.176,4.127,4.181,2.172,2.113,4,"labPl"
"11",1,4.155,4.162,1.963,1.978,4.166,4.164,3,"labPl"
"11",13,3.871,3.921,1.943,2.046,2.2,2.022,3,"labPl"
"11",8,2.096,2.047,4.126,4.138,2.026,2.09,2,"labPl"
"11",10,4.182,4.148,2.01,2.059,1.945,2.066,3,"labPl"
"11",7,2.125,1.891,3.999,3.896,3.978,3.912,4,"labPl"
"11",12,2.132,2.103,2.013,2.1,3.95,3.991,3,"labPl"
"12",10,4.182,4.148,2.01,2.059,1.945,2.066,2,"labPl"
"12",5,3.964,3.956,2.097,2.285,3.879,3.997,3,"labPl"
"12",8,2.096,2.047,4.126,4.138,2.026,2.09,2,"labPl"
"12",6,3.883,3.966,3.916,3.88,2.172,2.023,3,"labPl"
"12",11,2.02,2.049,3.922,3.981,2.093,2.042,1,"labPl"
"12",2,4.197,4.166,2.207,2.196,4.17,4.165,3,"labPl"
"12",1,4.155,4.162,1.963,1.978,4.166,4.164,4,"labPl"
"12",12,2.132,2.103,2.013,2.1,3.95,3.991,3,"labPl"
"12",4,2.023,1.954,4.221,4.125,4.234,4.169,3,"labPl"
"12",7,2.125,1.891,3.999,3.896,3.978,3.912,4,"labPl"
"12",9,2.129,2.148,2.064,2.019,4.182,4.182,2,"labPl"
"12",13,3.871,3.921,1.943,2.046,2.2,2.022,2,"labPl"
"12",3,4.198,4.176,4.127,4.181,2.172,2.113,3,"labPl"
"13",7,2.125,1.891,3.999,3.896,3.978,3.912,2,"labPl"
"13",2,4.197,4.166,2.207,2.196,4.17,4.165,3,"labPl"
"13",3,4.198,4.176,4.127,4.181,2.172,2.113,4,"labPl"
"13",12,2.132,2.103,2.013,2.1,3.95,3.991,2,"labPl"
"13",5,3.964,3.956,2.097,2.285,3.879,3.997,3,"labPl"
"13",4,2.023,1.954,4.221,4.125,4.234,4.169,4,"labPl"
"13",13,3.871,3.921,1.943,2.046,2.2,2.022,2,"labPl"
"13",6,3.883,3.966,3.916,3.88,2.172,2.023,3,"labPl"
"13",9,2.129,2.148,2.064,2.019,4.182,4.182,2,"labPl"
"13",8,2.096,2.047,4.126,4.138,2.026,2.09,2,"labPl"
"13",11,2.02,2.049,3.922,3.981,2.093,2.042,3,"labPl"
"13",1,4.155,4.162,1.963,1.978,4.166,4.164,4,"labPl"
"13",10,4.182,4.148,2.01,2.059,1.945,2.066,3,"labPl"
"14",9,2.129,2.148,2.064,2.019,4.182,4.182,2,"labPl"
"14",6,3.883,3.966,3.916,3.88,2.172,2.023,3,"labPl"
"14",11,2.02,2.049,3.922,3.981,2.093,2.042,2,"labPl"
"14",10,4.182,4.148,2.01,2.059,1.945,2.066,3,"labPl"
"14",3,4.198,4.176,4.127,4.181,2.172,2.113,3,"labPl"
"14",13,3.871,3.921,1.943,2.046,2.2,2.022,2,"labPl"
"14",7,2.125,1.891,3.999,3.896,3.978,3.912,3,"labPl"
"14",4,2.023,1.954,4.221,4.125,4.234,4.169,4,"labPl"
"14",5,3.964,3.956,2.097,2.285,3.879,3.997,3,"labPl"
"14",8,2.096,2.047,4.126,4.138,2.026,2.09,3,"labPl"
"14",12,2.132,2.103,2.013,2.1,3.95,3.991,3,"labPl"
"14",2,4.197,4.166,2.207,2.196,4.17,4.165,3,"labPl"
"14",1,4.155,4.162,1.963,1.978,4.166,4.164,4,"labPl"
"15",10,4.182,4.148,2.01,2.059,1.945,2.066,2,"labPl"
"15",7,2.125,1.891,3.999,3.896,3.978,3.912,4,"labPl"
"15",13,3.871,3.921,1.943,2.046,2.2,2.022,2,"labPl"
"15",3,4.198,4.176,4.127,4.181,2.172,2.113,3,"labPl"
"15",11,2.02,2.049,3.922,3.981,2.093,2.042,1,"labPl"
"15",5,3.964,3.956,2.097,2.285,3.879,3.997,3,"labPl"
"15",12,2.132,2.103,2.013,2.1,3.95,3.991,2,"labPl"
"15",1,4.155,4.162,1.963,1.978,4.166,4.164,3,"labPl"
"15",4,2.023,1.954,4.221,4.125,4.234,4.169,4,"labPl"
"15",8,2.096,2.047,4.126,4.138,2.026,2.09,3,"labPl"
"15",2,4.197,4.166,2.207,2.196,4.17,4.165,3,"labPl"
"15",9,2.129,2.148,2.064,2.019,4.182,4.182,2,"labPl"
"15",6,3.883,3.966,3.916,3.88,2.172,2.023,3,"labPl"
"16",6,3.883,3.966,3.916,3.88,2.172,2.023,4,"labPl"
"16",13,3.871,3.921,1.943,2.046,2.2,2.022,2,"labPl"
"16",1,4.155,4.162,1.963,1.978,4.166,4.164,3,"labPl"
"16",12,2.132,2.103,2.013,2.1,3.95,3.991,3,"labPl"
"16",7,2.125,1.891,3.999,3.896,3.978,3.912,4,"labPl"
"16",2,4.197,4.166,2.207,2.196,4.17,4.165,3,"labPl"
"16",5,3.964,3.956,2.097,2.285,3.879,3.997,4,"labPl"
"16",11,2.02,2.049,3.922,3.981,2.093,2.042,3,"labPl"
"16",4,2.023,1.954,4.221,4.125,4.234,4.169,3,"labPl"
"16",3,4.198,4.176,4.127,4.181,2.172,2.113,4,"labPl"
"16",9,2.129,2.148,2.064,2.019,4.182,4.182,2,"labPl"
"16",8,2.096,2.047,4.126,4.138,2.026,2.09,3,"labPl"
"16",10,4.182,4.148,2.01,2.059,1.945,2.066,2,"labPl"
"17",2,4.197,4.166,2.207,2.196,4.17,4.165,3,"labPl"
"17",12,2.132,2.103,2.013,2.1,3.95,3.991,2,"labPl"
"17",7,2.125,1.891,3.999,3.896,3.978,3.912,3,"labPl"
"17",4,2.023,1.954,4.221,4.125,4.234,4.169,4,"labPl"
"17",11,2.02,2.049,3.922,3.981,2.093,2.042,2,"labPl"
"17",8,2.096,2.047,4.126,4.138,2.026,2.09,3,"labPl"
"17",5,3.964,3.956,2.097,2.285,3.879,3.997,4,"labPl"
"17",6,3.883,3.966,3.916,3.88,2.172,2.023,3,"labPl"
"17",1,4.155,4.162,1.963,1.978,4.166,4.164,4,"labPl"
"17",13,3.871,3.921,1.943,2.046,2.2,2.022,2,"labPl"
"17",9,2.129,2.148,2.064,2.019,4.182,4.182,2,"labPl"
"17",10,4.182,4.148,2.01,2.059,1.945,2.066,4,"labPl"
"17",3,4.198,4.176,4.127,4.181,2.172,2.113,4,"labPl"
"18",7,2.125,1.891,3.999,3.896,3.978,3.912,4,"labPl"
"18",4,2.023,1.954,4.221,4.125,4.234,4.169,5,"labPl"
"18",9,2.129,2.148,2.064,2.019,4.182,4.182,3,"labPl"
"18",12,2.132,2.103,2.013,2.1,3.95,3.991,2,"labPl"
"18",5,3.964,3.956,2.097,2.285,3.879,3.997,4,"labPl"
"18",8,2.096,2.047,4.126,4.138,2.026,2.09,3,"labPl"
"18",2,4.197,4.166,2.207,2.196,4.17,4.165,4,"labPl"
"18",11,2.02,2.049,3.922,3.981,2.093,2.042,2,"labPl"
"18",10,4.182,4.148,2.01,2.059,1.945,2.066,2,"labPl"
"18",6,3.883,3.966,3.916,3.88,2.172,2.023,4,"labPl"
"18",3,4.198,4.176,4.127,4.181,2.172,2.113,5,"labPl"
"18",1,4.155,4.162,1.963,1.978,4.166,4.164,4,"labPl"
"18",13,3.871,3.921,1.943,2.046,2.2,2.022,3,"labPl"
"19",11,2.02,2.049,3.922,3.981,2.093,2.042,2,"labPl"
"19",13,3.871,3.921,1.943,2.046,2.2,2.022,2,"labPl"
"19",3,4.198,4.176,4.127,4.181,2.172,2.113,4,"labPl"
"19",5,3.964,3.956,2.097,2.285,3.879,3.997,4,"labPl"
"19",10,4.182,4.148,2.01,2.059,1.945,2.066,2,"labPl"
"19",9,2.129,2.148,2.064,2.019,4.182,4.182,2,"labPl"
"19",12,2.132,2.103,2.013,2.1,3.95,3.991,2,"labPl"
"19",8,2.096,2.047,4.126,4.138,2.026,2.09,2,"labPl"
"19",4,2.023,1.954,4.221,4.125,4.234,4.169,4,"labPl"
"19",6,3.883,3.966,3.916,3.88,2.172,2.023,4,"labPl"
"19",1,4.155,4.162,1.963,1.978,4.166,4.164,4,"labPl"
"19",7,2.125,1.891,3.999,3.896,3.978,3.912,4,"labPl"
"19",2,4.197,4.166,2.207,2.196,4.17,4.165,4,"labPl"
"21",1,4.155,4.162,1.963,1.978,4.166,4.164,4,"labPl"
"21",9,2.129,2.148,2.064,2.019,4.182,4.182,2,"labPl"
"21",12,2.132,2.103,2.013,2.1,3.95,3.991,2,"labPl"
"21",6,3.883,3.966,3.916,3.88,2.172,2.023,4,"labPl"
"21",7,2.125,1.891,3.999,3.896,3.978,3.912,5,"labPl"
"21",2,4.197,4.166,2.207,2.196,4.17,4.165,4,"labPl"
"21",3,4.198,4.176,4.127,4.181,2.172,2.113,4,"labPl"
"21",13,3.871,3.921,1.943,2.046,2.2,2.022,2,"labPl"
"21",10,4.182,4.148,2.01,2.059,1.945,2.066,2,"labPl"
"21",4,2.023,1.954,4.221,4.125,4.234,4.169,4,"labPl"
"21",8,2.096,2.047,4.126,4.138,2.026,2.09,3,"labPl"
"21",5,3.964,3.956,2.097,2.285,3.879,3.997,3,"labPl"
"21",11,2.02,2.049,3.922,3.981,2.093,2.042,2,"labPl"
"22",13,3.871,3.921,1.943,2.046,2.2,2.022,2,"labPl"
"22",7,2.125,1.891,3.999,3.896,3.978,3.912,3,"labPl"
"22",1,4.155,4.162,1.963,1.978,4.166,4.164,4,"labPl"
"22",6,3.883,3.966,3.916,3.88,2.172,2.023,2,"labPl"
"22",2,4.197,4.166,2.207,2.196,4.17,4.165,4,"labPl"
"22",4,2.023,1.954,4.221,4.125,4.234,4.169,4,"labPl"
"22",9,2.129,2.148,2.064,2.019,4.182,4.182,2,"labPl"
"22",11,2.02,2.049,3.922,3.981,2.093,2.042,1,"labPl"
"22",3,4.198,4.176,4.127,4.181,2.172,2.113,3,"labPl"
"22",12,2.132,2.103,2.013,2.1,3.95,3.991,2,"labPl"
"22",10,4.182,4.148,2.01,2.059,1.945,2.066,1,"labPl"
"22",5,3.964,3.956,2.097,2.285,3.879,3.997,4,"labPl"
"22",8,2.096,2.047,4.126,4.138,2.026,2.09,2,"labPl"
"23",6,3.883,3.966,3.916,3.88,2.172,2.023,4,"labPl"
"23",13,3.871,3.921,1.943,2.046,2.2,2.022,3,"labPl"
"23",4,2.023,1.954,4.221,4.125,4.234,4.169,4,"labPl"
"23",9,2.129,2.148,2.064,2.019,4.182,4.182,2,"labPl"
"23",12,2.132,2.103,2.013,2.1,3.95,3.991,2,"labPl"
"23",1,4.155,4.162,1.963,1.978,4.166,4.164,5,"labPl"
"23",2,4.197,4.166,2.207,2.196,4.17,4.165,3,"labPl"
"23",7,2.125,1.891,3.999,3.896,3.978,3.912,3,"labPl"
"23",10,4.182,4.148,2.01,2.059,1.945,2.066,2,"labPl"
"23",5,3.964,3.956,2.097,2.285,3.879,3.997,4,"labPl"
"23",3,4.198,4.176,4.127,4.181,2.172,2.113,4,"labPl"
"23",11,2.02,2.049,3.922,3.981,2.093,2.042,3,"labPl"
"23",8,2.096,2.047,4.126,4.138,2.026,2.09,2,"labPl"
"24",8,2.096,2.047,4.126,4.138,2.026,2.09,2,"labPl"
"24",13,3.871,3.921,1.943,2.046,2.2,2.022,2,"labPl"
"24",4,2.023,1.954,4.221,4.125,4.234,4.169,4,"labPl"
"24",10,4.182,4.148,2.01,2.059,1.945,2.066,2,"labPl"
"24",9,2.129,2.148,2.064,2.019,4.182,4.182,3,"labPl"
"24",11,2.02,2.049,3.922,3.981,2.093,2.042,2,"labPl"
"24",2,4.197,4.166,2.207,2.196,4.17,4.165,4,"labPl"
"24",7,2.125,1.891,3.999,3.896,3.978,3.912,5,"labPl"
"24",5,3.964,3.956,2.097,2.285,3.879,3.997,4,"labPl"
"24",12,2.132,2.103,2.013,2.1,3.95,3.991,4,"labPl"
"24",6,3.883,3.966,3.916,3.88,2.172,2.023,3,"labPl"
"24",1,4.155,4.162,1.963,1.978,4.166,4.164,4,"labPl"
"24",3,4.198,4.176,4.127,4.181,2.172,2.113,4,"labPl"
"26",1,4.155,4.162,1.963,1.978,4.166,4.164,3,"labPl"
"26",9,2.129,2.148,2.064,2.019,4.182,4.182,2,"labPl"
"26",7,2.125,1.891,3.999,3.896,3.978,3.912,3,"labPl"
"26",13,3.871,3.921,1.943,2.046,2.2,2.022,2,"labPl"
"26",2,4.197,4.166,2.207,2.196,4.17,4.165,3,"labPl"
"26",10,4.182,4.148,2.01,2.059,1.945,2.066,2,"labPl"
"26",3,4.198,4.176,4.127,4.181,2.172,2.113,3,"labPl"
"26",6,3.883,3.966,3.916,3.88,2.172,2.023,3,"labPl"
"26",5,3.964,3.956,2.097,2.285,3.879,3.997,4,"labPl"
"26",4,2.023,1.954,4.221,4.125,4.234,4.169,4,"labPl"
"26",12,2.132,2.103,2.013,2.1,3.95,3.991,3,"labPl"
"26",8,2.096,2.047,4.126,4.138,2.026,2.09,3,"labPl"
"26",11,2.02,2.049,3.922,3.981,2.093,2.042,3,"labPl"
"27",2,4.197,4.166,2.207,2.196,4.17,4.165,5,"labPl"
"27",5,3.964,3.956,2.097,2.285,3.879,3.997,3,"labPl"
"27",11,2.02,2.049,3.922,3.981,2.093,2.042,2,"labPl"
"27",7,2.125,1.891,3.999,3.896,3.978,3.912,2,"labPl"
"27",4,2.023,1.954,4.221,4.125,4.234,4.169,5,"labPl"
"27",3,4.198,4.176,4.127,4.181,2.172,2.113,3,"labPl"
"27",8,2.096,2.047,4.126,4.138,2.026,2.09,2,"labPl"
"27",9,2.129,2.148,2.064,2.019,4.182,4.182,3,"labPl"
"27",13,3.871,3.921,1.943,2.046,2.2,2.022,1,"labPl"
"27",1,4.155,4.162,1.963,1.978,4.166,4.164,3,"labPl"
"27",12,2.132,2.103,2.013,2.1,3.95,3.991,3,"labPl"
"27",10,4.182,4.148,2.01,2.059,1.945,2.066,2,"labPl"
"27",6,3.883,3.966,3.916,3.88,2.172,2.023,3,"labPl"
"28",6,3.883,3.966,3.916,3.88,2.172,2.023,4,"labPl"
"28",12,2.132,2.103,2.013,2.1,3.95,3.991,2,"labPl"
"28",11,2.02,2.049,3.922,3.981,2.093,2.042,1,"labPl"
"28",10,4.182,4.148,2.01,2.059,1.945,2.066,2,"labPl"
"28",5,3.964,3.956,2.097,2.285,3.879,3.997,2,"labPl"
"28",4,2.023,1.954,4.221,4.125,4.234,4.169,4,"labPl"
"28",9,2.129,2.148,2.064,2.019,4.182,4.182,3,"labPl"
"28",2,4.197,4.166,2.207,2.196,4.17,4.165,4,"labPl"
"28",1,4.155,4.162,1.963,1.978,4.166,4.164,3,"labPl"
"28",7,2.125,1.891,3.999,3.896,3.978,3.912,3,"labPl"
"28",3,4.198,4.176,4.127,4.181,2.172,2.113,4,"labPl"
"28",8,2.096,2.047,4.126,4.138,2.026,2.09,2,"labPl"
"28",13,3.871,3.921,1.943,2.046,2.2,2.022,1,"labPl"
"29",13,3.871,3.921,1.943,2.046,2.2,2.022,3,"labPl"
"29",7,2.125,1.891,3.999,3.896,3.978,3.912,4,"labPl"
"29",12,2.132,2.103,2.013,2.1,3.95,3.991,2,"labPl"
"29",1,4.155,4.162,1.963,1.978,4.166,4.164,3,"labPl"
"29",11,2.02,2.049,3.922,3.981,2.093,2.042,2,"labPl"
"29",6,3.883,3.966,3.916,3.88,2.172,2.023,4,"labPl"
"29",5,3.964,3.956,2.097,2.285,3.879,3.997,5,"labPl"
"29",9,2.129,2.148,2.064,2.019,4.182,4.182,3,"labPl"
"29",10,4.182,4.148,2.01,2.059,1.945,2.066,2,"labPl"
"29",8,2.096,2.047,4.126,4.138,2.026,2.09,3,"labPl"
"29",3,4.198,4.176,4.127,4.181,2.172,2.113,3,"labPl"
"29",2,4.197,4.166,2.207,2.196,4.17,4.165,4,"labPl"
"29",4,2.023,1.954,4.221,4.125,4.234,4.169,4,"labPl"
"30",9,2.129,2.148,2.064,2.019,4.182,4.182,2,"labPl"
"30",4,2.023,1.954,4.221,4.125,4.234,4.169,4,"labPl"
"30",11,2.02,2.049,3.922,3.981,2.093,2.042,2,"labPl"
"30",7,2.125,1.891,3.999,3.896,3.978,3.912,4,"labPl"
"30",10,4.182,4.148,2.01,2.059,1.945,2.066,3,"labPl"
"30",1,4.155,4.162,1.963,1.978,4.166,4.164,4,"labPl"
"30",5,3.964,3.956,2.097,2.285,3.879,3.997,4,"labPl"
"30",8,2.096,2.047,4.126,4.138,2.026,2.09,3,"labPl"
"30",13,3.871,3.921,1.943,2.046,2.2,2.022,2,"labPl"
"30",2,4.197,4.166,2.207,2.196,4.17,4.165,3,"labPl"
"30",3,4.198,4.176,4.127,4.181,2.172,2.113,3,"labPl"
"30",6,3.883,3.966,3.916,3.88,2.172,2.023,3,"labPl"
"30",12,2.132,2.103,2.013,2.1,3.95,3.991,3,"labPl"
"31",13,3.871,3.921,1.943,2.046,2.2,2.022,2,"labPl"
"31",7,2.125,1.891,3.999,3.896,3.978,3.912,4,"labPl"
"31",8,2.096,2.047,4.126,4.138,2.026,2.09,1,"labPl"
"31",9,2.129,2.148,2.064,2.019,4.182,4.182,1,"labPl"
"31",10,4.182,4.148,2.01,2.059,1.945,2.066,1,"labPl"
"31",2,4.197,4.166,2.207,2.196,4.17,4.165,3,"labPl"
"31",6,3.883,3.966,3.916,3.88,2.172,2.023,3,"labPl"
"31",1,4.155,4.162,1.963,1.978,4.166,4.164,4,"labPl"
"31",12,2.132,2.103,2.013,2.1,3.95,3.991,1,"labPl"
"31",5,3.964,3.956,2.097,2.285,3.879,3.997,4,"labPl"
"31",11,2.02,2.049,3.922,3.981,2.093,2.042,2,"labPl"
"31",4,2.023,1.954,4.221,4.125,4.234,4.169,4,"labPl"
"31",3,4.198,4.176,4.127,4.181,2.172,2.113,3,"labPl"
"43",11,2.02,2.049,3.922,3.981,2.093,2.042,2,"labPl"
"43",4,2.023,1.954,4.221,4.125,4.234,4.169,4,"labPl"
"43",2,4.197,4.166,2.207,2.196,4.17,4.165,3,"labPl"
"43",6,3.883,3.966,3.916,3.88,2.172,2.023,4,"labPl"
"43",9,2.129,2.148,2.064,2.019,4.182,4.182,2,"labPl"
"43",12,2.132,2.103,2.013,2.1,3.95,3.991,3,"labPl"
"43",3,4.198,4.176,4.127,4.181,2.172,2.113,4,"labPl"
"43",10,4.182,4.148,2.01,2.059,1.945,2.066,3,"labPl"
"43",5,3.964,3.956,2.097,2.285,3.879,3.997,3,"labPl"
"43",13,3.871,3.921,1.943,2.046,2.2,2.022,3,"labPl"
"43",1,4.155,4.162,1.963,1.978,4.166,4.164,4,"labPl"
"43",7,2.125,1.891,3.999,3.896,3.978,3.912,5,"labPl"
"43",8,2.096,2.047,4.126,4.138,2.026,2.09,3,"labPl"
"44",4,2.023,1.954,4.221,4.125,4.234,4.169,4,"labPl"
"44",2,4.197,4.166,2.207,2.196,4.17,4.165,4,"labPl"
"44",1,4.155,4.162,1.963,1.978,4.166,4.164,4,"labPl"
"44",11,2.02,2.049,3.922,3.981,2.093,2.042,2,"labPl"
"44",13,3.871,3.921,1.943,2.046,2.2,2.022,2,"labPl"
"44",7,2.125,1.891,3.999,3.896,3.978,3.912,3,"labPl"
"44",3,4.198,4.176,4.127,4.181,2.172,2.113,3,"labPl"
"44",12,2.132,2.103,2.013,2.1,3.95,3.991,4,"labPl"
"44",6,3.883,3.966,3.916,3.88,2.172,2.023,2,"labPl"
"44",8,2.096,2.047,4.126,4.138,2.026,2.09,2,"labPl"
"44",10,4.182,4.148,2.01,2.059,1.945,2.066,3,"labPl"
"44",9,2.129,2.148,2.064,2.019,4.182,4.182,3,"labPl"
"44",5,3.964,3.956,2.097,2.285,3.879,3.997,3,"labPl"
"45",2,4.197,4.166,2.207,2.196,4.17,4.165,3,"labPl"
"45",10,4.182,4.148,2.01,2.059,1.945,2.066,2,"labPl"
"45",4,2.023,1.954,4.221,4.125,4.234,4.169,4,"labPl"
"45",5,3.964,3.956,2.097,2.285,3.879,3.997,2,"labPl"
"45",3,4.198,4.176,4.127,4.181,2.172,2.113,4,"labPl"
"45",13,3.871,3.921,1.943,2.046,2.2,2.022,1,"labPl"
"45",6,3.883,3.966,3.916,3.88,2.172,2.023,3,"labPl"
"45",12,2.132,2.103,2.013,2.1,3.95,3.991,2,"labPl"
"45",8,2.096,2.047,4.126,4.138,2.026,2.09,2,"labPl"
"45",9,2.129,2.148,2.064,2.019,4.182,4.182,2,"labPl"
"45",7,2.125,1.891,3.999,3.896,3.978,3.912,3,"labPl"
"45",1,4.155,4.162,1.963,1.978,4.166,4.164,3,"labPl"
"45",11,2.02,2.049,3.922,3.981,2.093,2.042,2,"labPl"
"46",12,2.132,2.103,2.013,2.1,3.95,3.991,1,"labPl"
"46",4,2.023,1.954,4.221,4.125,4.234,4.169,3,"labPl"
"46",9,2.129,2.148,2.064,2.019,4.182,4.182,2,"labPl"
"46",5,3.964,3.956,2.097,2.285,3.879,3.997,3,"labPl"
"46",6,3.883,3.966,3.916,3.88,2.172,2.023,3,"labPl"
"46",8,2.096,2.047,4.126,4.138,2.026,2.09,2,"labPl"
"46",1,4.155,4.162,1.963,1.978,4.166,4.164,3,"labPl"
"46",2,4.197,4.166,2.207,2.196,4.17,4.165,3,"labPl"
"46",7,2.125,1.891,3.999,3.896,3.978,3.912,4,"labPl"
"46",13,3.871,3.921,1.943,2.046,2.2,2.022,1,"labPl"
"46",11,2.02,2.049,3.922,3.981,2.093,2.042,1,"labPl"
"46",10,4.182,4.148,2.01,2.059,1.945,2.066,1,"labPl"
"46",3,4.198,4.176,4.127,4.181,2.172,2.113,3,"labPl"
"47",7,2.125,1.891,3.999,3.896,3.978,3.912,3,"labPl"
"47",11,2.02,2.049,3.922,3.981,2.093,2.042,2,"labPl"
"47",6,3.883,3.966,3.916,3.88,2.172,2.023,4,"labPl"
"47",12,2.132,2.103,2.013,2.1,3.95,3.991,2,"labPl"
"47",1,4.155,4.162,1.963,1.978,4.166,4.164,5,"labPl"
"47",5,3.964,3.956,2.097,2.285,3.879,3.997,3,"labPl"
"47",13,3.871,3.921,1.943,2.046,2.2,2.022,1,"labPl"
"47",4,2.023,1.954,4.221,4.125,4.234,4.169,3,"labPl"
"47",8,2.096,2.047,4.126,4.138,2.026,2.09,2,"labPl"
"47",9,2.129,2.148,2.064,2.019,4.182,4.182,1,"labPl"
"47",10,4.182,4.148,2.01,2.059,1.945,2.066,3,"labPl"
"47",3,4.198,4.176,4.127,4.181,2.172,2.113,5,"labPl"
"47",2,4.197,4.166,2.207,2.196,4.17,4.165,4,"labPl"
"48",9,2.129,2.148,2.064,2.019,4.182,4.182,3,"labPl"
"48",4,2.023,1.954,4.221,4.125,4.234,4.169,4,"labPl"
"48",8,2.096,2.047,4.126,4.138,2.026,2.09,3,"labPl"
"48",12,2.132,2.103,2.013,2.1,3.95,3.991,2,"labPl"
"48",13,3.871,3.921,1.943,2.046,2.2,2.022,3,"labPl"
"48",11,2.02,2.049,3.922,3.981,2.093,2.042,3,"labPl"
"48",2,4.197,4.166,2.207,2.196,4.17,4.165,4,"labPl"
"48",10,4.182,4.148,2.01,2.059,1.945,2.066,3,"labPl"
"48",3,4.198,4.176,4.127,4.181,2.172,2.113,4,"labPl"
"48",1,4.155,4.162,1.963,1.978,4.166,4.164,3,"labPl"
"48",7,2.125,1.891,3.999,3.896,3.978,3.912,3,"labPl"
"48",5,3.964,3.956,2.097,2.285,3.879,3.997,3,"labPl"
"48",6,3.883,3.966,3.916,3.88,2.172,2.023,3,"labPl"
"49",9,2.129,2.148,2.064,2.019,4.182,4.182,2,"labPl"
"49",12,2.132,2.103,2.013,2.1,3.95,3.991,3,"labPl"
"49",4,2.023,1.954,4.221,4.125,4.234,4.169,4,"labPl"
"49",1,4.155,4.162,1.963,1.978,4.166,4.164,4,"labPl"
"49",7,2.125,1.891,3.999,3.896,3.978,3.912,5,"labPl"
"49",2,4.197,4.166,2.207,2.196,4.17,4.165,4,"labPl"
"49",11,2.02,2.049,3.922,3.981,2.093,2.042,1,"labPl"
"49",3,4.198,4.176,4.127,4.181,2.172,2.113,3,"labPl"
"49",6,3.883,3.966,3.916,3.88,2.172,2.023,3,"labPl"
"49",5,3.964,3.956,2.097,2.285,3.879,3.997,4,"labPl"
"49",10,4.182,4.148,2.01,2.059,1.945,2.066,3,"labPl"
"49",8,2.096,2.047,4.126,4.138,2.026,2.09,2,"labPl"
"49",13,3.871,3.921,1.943,2.046,2.2,2.022,1,"labPl"
"51",2,4.197,4.166,2.207,2.196,4.17,4.165,4,"labNor"
"51",5,3.964,3.956,2.097,2.285,3.879,3.997,4,"labNor"
"51",1,4.155,4.162,1.963,1.978,4.166,4.164,4,"labNor"
"51",13,3.871,3.921,1.943,2.046,2.2,2.022,3,"labNor"
"51",10,4.182,4.148,2.01,2.059,1.945,2.066,3,"labNor"
"51",12,2.132,2.103,2.013,2.1,3.95,3.991,3,"labNor"
"51",8,2.096,2.047,4.126,4.138,2.026,2.09,2,"labNor"
"51",4,2.023,1.954,4.221,4.125,4.234,4.169,5,"labNor"
"51",3,4.198,4.176,4.127,4.181,2.172,2.113,4,"labNor"
"51",9,2.129,2.148,2.064,2.019,4.182,4.182,3,"labNor"
"51",11,2.02,2.049,3.922,3.981,2.093,2.042,3,"labNor"
"51",6,3.883,3.966,3.916,3.88,2.172,2.023,3,"labNor"
"51",7,2.125,1.891,3.999,3.896,3.978,3.912,5,"labNor"
"52",1,4.155,4.162,1.963,1.978,4.166,4.164,3,"labNor"
"52",3,4.198,4.176,4.127,4.181,2.172,2.113,4,"labNor"
"52",6,3.883,3.966,3.916,3.88,2.172,2.023,4,"labNor"
"52",12,2.132,2.103,2.013,2.1,3.95,3.991,4,"labNor"
"52",7,2.125,1.891,3.999,3.896,3.978,3.912,5,"labNor"
"52",9,2.129,2.148,2.064,2.019,4.182,4.182,3,"labNor"
"52",10,4.182,4.148,2.01,2.059,1.945,2.066,4,"labNor"
"52",11,2.02,2.049,3.922,3.981,2.093,2.042,4,"labNor"
"52",2,4.197,4.166,2.207,2.196,4.17,4.165,5,"labNor"
"52",13,3.871,3.921,1.943,2.046,2.2,2.022,3,"labNor"
"52",8,2.096,2.047,4.126,4.138,2.026,2.09,4,"labNor"
"52",4,2.023,1.954,4.221,4.125,4.234,4.169,5,"labNor"
"52",5,3.964,3.956,2.097,2.285,3.879,3.997,4,"labNor"
"53",11,2.02,2.049,3.922,3.981,2.093,2.042,2,"labNor"
"53",4,2.023,1.954,4.221,4.125,4.234,4.169,4,"labNor"
"53",2,4.197,4.166,2.207,2.196,4.17,4.165,4,"labNor"
"53",6,3.883,3.966,3.916,3.88,2.172,2.023,3,"labNor"
"53",9,2.129,2.148,2.064,2.019,4.182,4.182,3,"labNor"
"53",12,2.132,2.103,2.013,2.1,3.95,3.991,3,"labNor"
"53",3,4.198,4.176,4.127,4.181,2.172,2.113,3,"labNor"
"53",10,4.182,4.148,2.01,2.059,1.945,2.066,3,"labNor"
"53",5,3.964,3.956,2.097,2.285,3.879,3.997,4,"labNor"
"53",13,3.871,3.921,1.943,2.046,2.2,2.022,2,"labNor"
"53",1,4.155,4.162,1.963,1.978,4.166,4.164,4,"labNor"
"53",7,2.125,1.891,3.999,3.896,3.978,3.912,4,"labNor"
"53",8,2.096,2.047,4.126,4.138,2.026,2.09,3,"labNor"
"54",4,2.023,1.954,4.221,4.125,4.234,4.169,4,"labNor"
"54",2,4.197,4.166,2.207,2.196,4.17,4.165,4,"labNor"
"54",1,4.155,4.162,1.963,1.978,4.166,4.164,3,"labNor"
"54",11,2.02,2.049,3.922,3.981,2.093,2.042,2,"labNor"
"54",13,3.871,3.921,1.943,2.046,2.2,2.022,2,"labNor"
"54",7,2.125,1.891,3.999,3.896,3.978,3.912,3,"labNor"
"54",3,4.198,4.176,4.127,4.181,2.172,2.113,4,"labNor"
"54",12,2.132,2.103,2.013,2.1,3.95,3.991,2,"labNor"
"54",6,3.883,3.966,3.916,3.88,2.172,2.023,3,"labNor"
"54",8,2.096,2.047,4.126,4.138,2.026,2.09,3,"labNor"
"54",10,4.182,4.148,2.01,2.059,1.945,2.066,3,"labNor"
"54",9,2.129,2.148,2.064,2.019,4.182,4.182,3,"labNor"
"54",5,3.964,3.956,2.097,2.285,3.879,3.997,4,"labNor"
"55",2,4.197,4.166,2.207,2.196,4.17,4.165,4,"labNor"
"55",10,4.182,4.148,2.01,2.059,1.945,2.066,4,"labNor"
"55",4,2.023,1.954,4.221,4.125,4.234,4.169,5,"labNor"
"55",5,3.964,3.956,2.097,2.285,3.879,3.997,3,"labNor"
"55",3,4.198,4.176,4.127,4.181,2.172,2.113,3,"labNor"
"55",13,3.871,3.921,1.943,2.046,2.2,2.022,2,"labNor"
"55",6,3.883,3.966,3.916,3.88,2.172,2.023,4,"labNor"
"55",12,2.132,2.103,2.013,2.1,3.95,3.991,2,"labNor"
"55",8,2.096,2.047,4.126,4.138,2.026,2.09,4,"labNor"
"55",9,2.129,2.148,2.064,2.019,4.182,4.182,3,"labNor"
"55",7,2.125,1.891,3.999,3.896,3.978,3.912,5,"labNor"
"55",1,4.155,4.162,1.963,1.978,4.166,4.164,5,"labNor"
"55",11,2.02,2.049,3.922,3.981,2.093,2.042,3,"labNor"
"57",7,2.125,1.891,3.999,3.896,3.978,3.912,2,"labNor"
"57",11,2.02,2.049,3.922,3.981,2.093,2.042,1,"labNor"
"57",6,3.883,3.966,3.916,3.88,2.172,2.023,2,"labNor"
"57",12,2.132,2.103,2.013,2.1,3.95,3.991,2,"labNor"
"57",1,4.155,4.162,1.963,1.978,4.166,4.164,3,"labNor"
"57",5,3.964,3.956,2.097,2.285,3.879,3.997,3,"labNor"
"57",13,3.871,3.921,1.943,2.046,2.2,2.022,1,"labNor"
"57",4,2.023,1.954,4.221,4.125,4.234,4.169,3,"labNor"
"57",8,2.096,2.047,4.126,4.138,2.026,2.09,2,"labNor"
"57",9,2.129,2.148,2.064,2.019,4.182,4.182,2,"labNor"
"57",10,4.182,4.148,2.01,2.059,1.945,2.066,2,"labNor"
"57",3,4.198,4.176,4.127,4.181,2.172,2.113,3,"labNor"
"57",2,4.197,4.166,2.207,2.196,4.17,4.165,3,"labNor"
"58",9,2.129,2.148,2.064,2.019,4.182,4.182,2,"labNor"
"58",4,2.023,1.954,4.221,4.125,4.234,4.169,3,"labNor"
"58",8,2.096,2.047,4.126,4.138,2.026,2.09,2,"labNor"
"58",12,2.132,2.103,2.013,2.1,3.95,3.991,3,"labNor"
"58",13,3.871,3.921,1.943,2.046,2.2,2.022,2,"labNor"
"58",11,2.02,2.049,3.922,3.981,2.093,2.042,3,"labNor"
"58",2,4.197,4.166,2.207,2.196,4.17,4.165,3,"labNor"
"58",10,4.182,4.148,2.01,2.059,1.945,2.066,3,"labNor"
"58",3,4.198,4.176,4.127,4.181,2.172,2.113,3,"labNor"
"58",1,4.155,4.162,1.963,1.978,4.166,4.164,4,"labNor"
"58",7,2.125,1.891,3.999,3.896,3.978,3.912,3,"labNor"
"58",5,3.964,3.956,2.097,2.285,3.879,3.997,3,"labNor"
"58",6,3.883,3.966,3.916,3.88,2.172,2.023,3,"labNor"
"59",9,2.129,2.148,2.064,2.019,4.182,4.182,3,"labNor"
"59",12,2.132,2.103,2.013,2.1,3.95,3.991,3,"labNor"
"59",4,2.023,1.954,4.221,4.125,4.234,4.169,4,"labNor"
"59",1,4.155,4.162,1.963,1.978,4.166,4.164,4,"labNor"
"59",7,2.125,1.891,3.999,3.896,3.978,3.912,4,"labNor"
"59",2,4.197,4.166,2.207,2.196,4.17,4.165,3,"labNor"
"59",11,2.02,2.049,3.922,3.981,2.093,2.042,2,"labNor"
"59",3,4.198,4.176,4.127,4.181,2.172,2.113,2,"labNor"
"59",6,3.883,3.966,3.916,3.88,2.172,2.023,2,"labNor"
"59",5,3.964,3.956,2.097,2.285,3.879,3.997,3,"labNor"
"59",10,4.182,4.148,2.01,2.059,1.945,2.066,3,"labNor"
"59",8,2.096,2.047,4.126,4.138,2.026,2.09,3,"labNor"
"59",13,3.871,3.921,1.943,2.046,2.2,2.022,2,"labNor"
"60",1,4.155,4.162,1.963,1.978,4.166,4.164,2,"labNor"
"60",13,3.871,3.921,1.943,2.046,2.2,2.022,2,"labNor"
"60",12,2.132,2.103,2.013,2.1,3.95,3.991,2,"labNor"
"60",4,2.023,1.954,4.221,4.125,4.234,4.169,4,"labNor"
"60",8,2.096,2.047,4.126,4.138,2.026,2.09,4,"labNor"
"60",9,2.129,2.148,2.064,2.019,4.182,4.182,3,"labNor"
"60",3,4.198,4.176,4.127,4.181,2.172,2.113,3,"labNor"
"60",6,3.883,3.966,3.916,3.88,2.172,2.023,4,"labNor"
"60",7,2.125,1.891,3.999,3.896,3.978,3.912,4,"labNor"
"60",11,2.02,2.049,3.922,3.981,2.093,2.042,3,"labNor"
"60",10,4.182,4.148,2.01,2.059,1.945,2.066,3,"labNor"
"60",2,4.197,4.166,2.207,2.196,4.17,4.165,4,"labNor"
"60",5,3.964,3.956,2.097,2.285,3.879,3.997,4,"labNor"
"62",10,4.182,4.148,2.01,2.059,1.945,2.066,5,"labNor"
"62",5,3.964,3.956,2.097,2.285,3.879,3.997,4,"labNor"
"62",8,2.096,2.047,4.126,4.138,2.026,2.09,3,"labNor"
"62",6,3.883,3.966,3.916,3.88,2.172,2.023,3,"labNor"
"62",11,2.02,2.049,3.922,3.981,2.093,2.042,2,"labNor"
"62",2,4.197,4.166,2.207,2.196,4.17,4.165,4,"labNor"
"62",1,4.155,4.162,1.963,1.978,4.166,4.164,5,"labNor"
"62",12,2.132,2.103,2.013,2.1,3.95,3.991,2,"labNor"
"62",4,2.023,1.954,4.221,4.125,4.234,4.169,5,"labNor"
"62",7,2.125,1.891,3.999,3.896,3.978,3.912,5,"labNor"
"62",9,2.129,2.148,2.064,2.019,4.182,4.182,3,"labNor"
"62",13,3.871,3.921,1.943,2.046,2.2,2.022,2,"labNor"
"62",3,4.198,4.176,4.127,4.181,2.172,2.113,4,"labNor"
"63",7,2.125,1.891,3.999,3.896,3.978,3.912,3,"labNor"
"63",2,4.197,4.166,2.207,2.196,4.17,4.165,3,"labNor"
"63",3,4.198,4.176,4.127,4.181,2.172,2.113,4,"labNor"
"63",12,2.132,2.103,2.013,2.1,3.95,3.991,2,"labNor"
"63",5,3.964,3.956,2.097,2.285,3.879,3.997,3,"labNor"
"63",4,2.023,1.954,4.221,4.125,4.234,4.169,3,"labNor"
"63",13,3.871,3.921,1.943,2.046,2.2,2.022,1,"labNor"
"63",6,3.883,3.966,3.916,3.88,2.172,2.023,3,"labNor"
"63",9,2.129,2.148,2.064,2.019,4.182,4.182,2,"labNor"
"63",8,2.096,2.047,4.126,4.138,2.026,2.09,2,"labNor"
"63",11,2.02,2.049,3.922,3.981,2.093,2.042,2,"labNor"
"63",1,4.155,4.162,1.963,1.978,4.166,4.164,3,"labNor"
"63",10,4.182,4.148,2.01,2.059,1.945,2.066,2,"labNor"
"64",9,2.129,2.148,2.064,2.019,4.182,4.182,3,"labNor"
"64",6,3.883,3.966,3.916,3.88,2.172,2.023,4,"labNor"
"64",11,2.02,2.049,3.922,3.981,2.093,2.042,3,"labNor"
"64",10,4.182,4.148,2.01,2.059,1.945,2.066,4,"labNor"
"64",3,4.198,4.176,4.127,4.181,2.172,2.113,5,"labNor"
"64",13,3.871,3.921,1.943,2.046,2.2,2.022,2,"labNor"
"64",7,2.125,1.891,3.999,3.896,3.978,3.912,5,"labNor"
"64",4,2.023,1.954,4.221,4.125,4.234,4.169,5,"labNor"
"64",5,3.964,3.956,2.097,2.285,3.879,3.997,4,"labNor"
"64",8,2.096,2.047,4.126,4.138,2.026,2.09,2,"labNor"
"64",12,2.132,2.103,2.013,2.1,3.95,3.991,3,"labNor"
"64",2,4.197,4.166,2.207,2.196,4.17,4.165,5,"labNor"
"64",1,4.155,4.162,1.963,1.978,4.166,4.164,4,"labNor"
"66",6,3.883,3.966,3.916,3.88,2.172,2.023,3,"labNor"
"66",13,3.871,3.921,1.943,2.046,2.2,2.022,3,"labNor"
"66",1,4.155,4.162,1.963,1.978,4.166,4.164,3,"labNor"
"66",12,2.132,2.103,2.013,2.1,3.95,3.991,3,"labNor"
"66",7,2.125,1.891,3.999,3.896,3.978,3.912,4,"labNor"
"66",2,4.197,4.166,2.207,2.196,4.17,4.165,3,"labNor"
"66",5,3.964,3.956,2.097,2.285,3.879,3.997,4,"labNor"
"66",11,2.02,2.049,3.922,3.981,2.093,2.042,3,"labNor"
"66",4,2.023,1.954,4.221,4.125,4.234,4.169,4,"labNor"
"66",3,4.198,4.176,4.127,4.181,2.172,2.113,4,"labNor"
"66",9,2.129,2.148,2.064,2.019,4.182,4.182,4,"labNor"
"66",8,2.096,2.047,4.126,4.138,2.026,2.09,3,"labNor"
"66",10,4.182,4.148,2.01,2.059,1.945,2.066,3,"labNor"
"67",2,4.197,4.166,2.207,2.196,4.17,4.165,3,"labNor"
"67",12,2.132,2.103,2.013,2.1,3.95,3.991,2,"labNor"
"67",7,2.125,1.891,3.999,3.896,3.978,3.912,4,"labNor"
"67",4,2.023,1.954,4.221,4.125,4.234,4.169,4,"labNor"
"67",11,2.02,2.049,3.922,3.981,2.093,2.042,2,"labNor"
"67",8,2.096,2.047,4.126,4.138,2.026,2.09,2,"labNor"
"67",5,3.964,3.956,2.097,2.285,3.879,3.997,4,"labNor"
"67",6,3.883,3.966,3.916,3.88,2.172,2.023,4,"labNor"
"67",1,4.155,4.162,1.963,1.978,4.166,4.164,3,"labNor"
"67",13,3.871,3.921,1.943,2.046,2.2,2.022,2,"labNor"
"67",9,2.129,2.148,2.064,2.019,4.182,4.182,3,"labNor"
"67",10,4.182,4.148,2.01,2.059,1.945,2.066,3,"labNor"
"67",3,4.198,4.176,4.127,4.181,2.172,2.113,4,"labNor"
"68",7,2.125,1.891,3.999,3.896,3.978,3.912,4,"labNor"
"68",4,2.023,1.954,4.221,4.125,4.234,4.169,3,"labNor"
"68",9,2.129,2.148,2.064,2.019,4.182,4.182,2,"labNor"
"68",12,2.132,2.103,2.013,2.1,3.95,3.991,2,"labNor"
"68",5,3.964,3.956,2.097,2.285,3.879,3.997,3,"labNor"
"68",8,2.096,2.047,4.126,4.138,2.026,2.09,3,"labNor"
"68",2,4.197,4.166,2.207,2.196,4.17,4.165,4,"labNor"
"68",11,2.02,2.049,3.922,3.981,2.093,2.042,2,"labNor"
"68",10,4.182,4.148,2.01,2.059,1.945,2.066,2,"labNor"
"68",6,3.883,3.966,3.916,3.88,2.172,2.023,4,"labNor"
"68",3,4.198,4.176,4.127,4.181,2.172,2.113,4,"labNor"
"68",1,4.155,4.162,1.963,1.978,4.166,4.164,4,"labNor"
"68",13,3.871,3.921,1.943,2.046,2.2,2.022,1,"labNor"
